{
    "$schema": "http://schema.management.azure.com/schemas/2015-01-01/deploymentTemplate.json#",
    "contentVersion": "1.0.0.0",
    "parameters": {
        "location": {
            "type": "string"
        },
        "networkInterfaceName1": {
            "type": "string"
        },
        "networkSecurityGroupName": {
            "type": "string"
        },
        "networkSecurityGroupRules": {
            "type": "array"
        },
        "subnetName": {
            "type": "string"
        },
        "virtualNetworkName": {
            "type": "string"
        },
        "addressPrefixes": {
            "type": "array"
        },
        "subnets": {
            "type": "array"
        },
        "publicIpAddressName1": {
            "type": "string"
        },
        "publicIpAddressType": {
            "type": "string"
        },
        "publicIpAddressSku": {
            "type": "string"
        },
        "pipDeleteOption": {
            "type": "string"
        },
        "virtualMachineName": {
            "type": "string"
        },
        "virtualMachineName1": {
            "type": "string"
        },
        "virtualMachineComputerName1": {
            "type": "string"
        },
        "virtualMachineRG": {
            "type": "string"
        },
        "osDiskType": {
            "type": "string"
        },
        "osDiskDeleteOption": {
            "type": "string"
        },
        "virtualMachineSize": {
            "type": "string"
        },
        "nicDeleteOption": {
            "type": "string"
        },
        "hibernationEnabled": {
            "type": "bool"
        },
        "adminUsername": {
            "type": "string"
        },
        "securityType": {
            "type": "string"
        },
        "secureBoot": {
            "type": "bool"
        },
        "vTPM": {
            "type": "bool"
        },
        "virtualMachine1Zone": {
            "type": "string"
        }
    },
    "variables": {
        "nsgId": "[resourceId(resourceGroup().name, 'Microsoft.Network/networkSecurityGroups', parameters('networkSecurityGroupName'))]",
        "vnetName": "[parameters('virtualNetworkName')]",
        "vnetId": "[resourceId(resourceGroup().name,'Microsoft.Network/virtualNetworks', parameters('virtualNetworkName'))]",
        "subnetRef": "[concat(variables('vnetId'), '/subnets/', parameters('subnetName'))]"
    },
    "resources": [
        {
            "name": "[parameters('networkInterfaceName1')]",
            "type": "Microsoft.Network/networkInterfaces",
            "apiVersion": "2022-11-01",
            "location": "[parameters('location')]",
            "dependsOn": [
                "[concat('Microsoft.Network/networkSecurityGroups/', parameters('networkSecurityGroupName'))]",
                "[concat('Microsoft.Network/virtualNetworks/', parameters('virtualNetworkName'))]",
                "[concat('Microsoft.Network/publicIpAddresses/', parameters('publicIpAddressName1'))]"
            ],
            "properties": {
                "ipConfigurations": [
                    {
                        "name": "ipconfig1",
                        "properties": {
                            "subnet": {
                                "id": "[variables('subnetRef')]"
                            },
                            "privateIPAllocationMethod": "Dynamic",
                            "publicIpAddress": {
                                "id": "[resourceId(resourceGroup().name, 'Microsoft.Network/publicIpAddresses', parameters('publicIpAddressName1'))]",
                                "properties": {
                                    "deleteOption": "[parameters('pipDeleteOption')]"
                                }
                            }
                        }
                    }
                ],
                "networkSecurityGroup": {
                    "id": "[variables('nsgId')]"
                }
            }
        },
        {
            "name": "[parameters('networkSecurityGroupName')]",
            "type": "Microsoft.Network/networkSecurityGroups",
            "apiVersion": "2019-02-01",
            "location": "[parameters('location')]",
            "properties": {
                "securityRules": "[parameters('networkSecurityGroupRules')]"
            }
        },
        {
            "name": "[parameters('virtualNetworkName')]",
            "type": "Microsoft.Network/virtualNetworks",
            "apiVersion": "2021-05-01",
            "location": "[parameters('location')]",
            "properties": {
                "addressSpace": {
                    "addressPrefixes": "[parameters('addressPrefixes')]"
                },
                "subnets": "[parameters('subnets')]"
            }
        },
        {
            "name": "[parameters('publicIpAddressName1')]",
            "type": "Microsoft.Network/publicIpAddresses",
            "apiVersion": "2020-08-01",
            "location": "[parameters('location')]",
            "properties": {
                "publicIpAllocationMethod": "[parameters('publicIpAddressType')]"
            },
            "sku": {
                "name": "[parameters('publicIpAddressSku')]"
            },
            "zones": [
                "[parameters('virtualMachine1Zone')]"
            ]
        },
        {
            "name": "[parameters('virtualMachineName1')]",
            "type": "Microsoft.Compute/virtualMachines",
            "apiVersion": "2022-11-01",
            "location": "[parameters('location')]",
            "dependsOn": [
                "[concat('Microsoft.Network/networkInterfaces/', parameters('networkInterfaceName1'))]"
            ],
            "properties": {
                "hardwareProfile": {
                    "vmSize": "[parameters('virtualMachineSize')]"
                },
                "storageProfile": {
                    "osDisk": {
                        "createOption": "fromImage",
                        "managedDisk": {
                            "storageAccountType": "[parameters('osDiskType')]"
                        },
                        "deleteOption": "[parameters('osDiskDeleteOption')]"
                    },
                    "imageReference": {
                        "publisher": "canonical",
                        "offer": "0001-com-ubuntu-server-focal",
                        "sku": "20_04-lts-gen2",
                        "version": "latest"
                    }
                },
                "networkProfile": {
                    "networkInterfaces": [
                        {
                            "id": "[resourceId('Microsoft.Network/networkInterfaces', parameters('networkInterfaceName1'))]",
                            "properties": {
                                "deleteOption": "[parameters('nicDeleteOption')]"
                            }
                        }
                    ]
                },
                "additionalCapabilities": {
                    "hibernationEnabled": false
                },
                "osProfile": {
                    "computerName": "[parameters('virtualMachineComputerName1')]",
                    "adminUsername": "[parameters('adminUsername')]",
                    "linuxConfiguration": {
                        "disablePasswordAuthentication": true
                    }
                },
                "securityProfile": {
                    "securityType": "[parameters('securityType')]",
                    "uefiSettings": {
                        "secureBootEnabled": "[parameters('secureBoot')]",
                        "vTpmEnabled": "[parameters('vTPM')]"
                    }
                },
                "diagnosticsProfile": {
                    "bootDiagnostics": {
                        "enabled": true
                    }
                }
            },
            "zones": [
                "[parameters('virtualMachine1Zone')]"
            ]
        },
        {
            "apiVersion": "2017-05-10",
            "type": "Microsoft.Resources/deployments",
            "name": "[concat(parameters('virtualMachineName'), '-AlertsActionGroup')]",
            "properties": {
                "mode": "Incremental",
                "expressionEvaluationOptions": {
                    "scope": "inner"
                },
                "parameters": {},
                "template": {
                    "$schema": "https://schema.management.azure.com/schemas/2019-04-01/deploymentTemplate.json#",
                    "contentVersion": "1.0.0.0",
                    "parameters": {},
                    "variables": {},
                    "resources": [
                        {
                            "type": "microsoft.insights/actionGroups",
                            "apiVersion": "2022-06-01",
                            "name": "RecommendedAlertRules-AG-1",
                            "location": "Global",
                            "properties": {
                                "groupShortName": "recalert1",
                                "enabled": true,
                                "emailReceivers": [
                                    {
                                        "name": "Email_-EmailAction-",
                                        "emailAddress": "mohamed.mazu@epitech.eu",
                                        "useCommonAlertSchema": true
                                    }
                                ],
                                "smsReceivers": [],
                                "webhookReceivers": [],
                                "eventHubReceivers": [],
                                "itsmReceivers": [],
                                "azureAppPushReceivers": [],
                                "automationRunbookReceivers": [],
                                "voiceReceivers": [],
                                "logicAppReceivers": [],
                                "azureFunctionReceivers": [],
                                "armRoleReceivers": []
                            }
                        }
                    ]
                }
            }
        },
        {
            "apiVersion": "2017-05-10",
            "type": "Microsoft.Resources/deployments",
            "name": "[concat(parameters('virtualMachineName'), '-VmAlertsRule-0')]",
            "properties": {
                "mode": "Incremental",
                "expressionEvaluationOptions": {
                    "scope": "inner"
                },
                "parameters": {
                    "name": {
                        "value": "Percentage CPU - myMOHVM"
                    },
                    "severity": {
                        "value": 3
                    },
                    "allOf": {
                        "value": [
                            {
                                "name": "Metric1",
                                "metricName": "Percentage CPU",
                                "metricNamespace": "Microsoft.Compute/virtualMachines",
                                "operator": "GreaterThan",
                                "timeAggregation": "Average",
                                "criterionType": "StaticThresholdCriterion",
                                "threshold": 80
                            }
                        ]
                    },
                    "actionGroups": {
                        "value": [
                            {
                                "actionGroupId": "/subscriptions/5cf07d36-17e6-4e5e-80b5-521e2a802b8b/resourceGroups/myMOHVM_group/providers/microsoft.insights/actionGroups/RecommendedAlertRules-AG-1",
                                "webhookProperties": {}
                            }
                        ]
                    },
                    "location": {
                        "value": "Global"
                    },
                    "vmResourceId": {
                        "value": "[concat('/subscriptions/', subscription().subscriptionId, '/resourceGroups/', resourceGroup().name, '/providers/', 'Microsoft.Compute/virtualMachines/', parameters('virtualMachineName'))]"
                    }
                },
                "template": {
                    "$schema": "https://schema.management.azure.com/schemas/2019-04-01/deploymentTemplate.json#",
                    "contentVersion": "1.0.0.0",
                    "parameters": {
                        "name": {
                            "type": "string"
                        },
                        "severity": {
                            "type": "int"
                        },
                        "actionGroups": {
                            "type": "array"
                        },
                        "allOf": {
                            "type": "array"
                        },
                        "location": {
                            "type": "string"
                        },
                        "vmResourceId": {
                            "type": "string"
                        }
                    },
                    "variables": {},
                    "resources": [
                        {
                            "type": "microsoft.insights/metricAlerts",
                            "apiVersion": "2018-03-01",
                            "name": "[parameters('name')]",
                            "location": "[parameters('location')]",
                            "properties": {
                                "severity": "[parameters('severity')]",
                                "enabled": true,
                                "scopes": [
                                    "[parameters('vmResourceId')]"
                                ],
                                "evaluationFrequency": "PT5M",
                                "windowSize": "PT5M",
                                "criteria": {
                                    "allOf": "[parameters('allOf')]",
                                    "odata.type": "Microsoft.Azure.Monitor.MultipleResourceMultipleMetricCriteria"
                                },
                                "targetResourceType": "Microsoft.Compute/virtualMachines",
                                "actions": "[parameters('actionGroups')]"
                            }
                        }
                    ]
                }
            },
            "dependsOn": [
                "[resourceId(parameters('virtualMachineRG'), 'Microsoft.Compute/virtualMachines', parameters('virtualMachineName'))]",
                "[resourceId(parameters('virtualMachineRG'), 'Microsoft.Resources/deployments', concat(parameters('virtualMachineName'), '-AlertsActionGroup'))]"
            ]
        },
        {
            "apiVersion": "2017-05-10",
            "type": "Microsoft.Resources/deployments",
            "name": "[concat(parameters('virtualMachineName'), '-VmAlertsRule-1')]",
            "properties": {
                "mode": "Incremental",
                "expressionEvaluationOptions": {
                    "scope": "inner"
                },
                "parameters": {
                    "name": {
                        "value": "Available Memory Bytes - myMOHVM"
                    },
                    "severity": {
                        "value": 3
                    },
                    "allOf": {
                        "value": [
                            {
                                "name": "Metric1",
                                "metricName": "Available Memory Bytes",
                                "metricNamespace": "Microsoft.Compute/virtualMachines",
                                "operator": "LessThan",
                                "timeAggregation": "Average",
                                "criterionType": "StaticThresholdCriterion",
                                "threshold": 1000000000
                            }
                        ]
                    },
                    "actionGroups": {
                        "value": [
                            {
                                "actionGroupId": "/subscriptions/5cf07d36-17e6-4e5e-80b5-521e2a802b8b/resourceGroups/myMOHVM_group/providers/microsoft.insights/actionGroups/RecommendedAlertRules-AG-1",
                                "webhookProperties": {}
                            }
                        ]
                    },
                    "location": {
                        "value": "Global"
                    },
                    "vmResourceId": {
                        "value": "[concat('/subscriptions/', subscription().subscriptionId, '/resourceGroups/', resourceGroup().name, '/providers/', 'Microsoft.Compute/virtualMachines/', parameters('virtualMachineName'))]"
                    }
                },
                "template": {
                    "$schema": "https://schema.management.azure.com/schemas/2019-04-01/deploymentTemplate.json#",
                    "contentVersion": "1.0.0.0",
                    "parameters": {
                        "name": {
                            "type": "string"
                        },
                        "severity": {
                            "type": "int"
                        },
                        "actionGroups": {
                            "type": "array"
                        },
                        "allOf": {
                            "type": "array"
                        },
                        "location": {
                            "type": "string"
                        },
                        "vmResourceId": {
                            "type": "string"
                        }
                    },
                    "variables": {},
                    "resources": [
                        {
                            "type": "microsoft.insights/metricAlerts",
                            "apiVersion": "2018-03-01",
                            "name": "[parameters('name')]",
                            "location": "[parameters('location')]",
                            "properties": {
                                "severity": "[parameters('severity')]",
                                "enabled": true,
                                "scopes": [
                                    "[parameters('vmResourceId')]"
                                ],
                                "evaluationFrequency": "PT5M",
                                "windowSize": "PT5M",
                                "criteria": {
                                    "allOf": "[parameters('allOf')]",
                                    "odata.type": "Microsoft.Azure.Monitor.MultipleResourceMultipleMetricCriteria"
                                },
                                "targetResourceType": "Microsoft.Compute/virtualMachines",
                                "actions": "[parameters('actionGroups')]"
                            }
                        }
                    ]
                }
            },
            "dependsOn": [
                "[resourceId(parameters('virtualMachineRG'), 'Microsoft.Compute/virtualMachines', parameters('virtualMachineName'))]",
                "[resourceId(parameters('virtualMachineRG'), 'Microsoft.Resources/deployments', concat(parameters('virtualMachineName'), '-AlertsActionGroup'))]"
            ]
        },
        {
            "apiVersion": "2017-05-10",
            "type": "Microsoft.Resources/deployments",
            "name": "[concat(parameters('virtualMachineName'), '-VmAlertsRule-2')]",
            "properties": {
                "mode": "Incremental",
                "expressionEvaluationOptions": {
                    "scope": "inner"
                },
                "parameters": {
                    "name": {
                        "value": "Data Disk IOPS Consumed Percentage - myMOHVM"
                    },
                    "severity": {
                        "value": 3
                    },
                    "allOf": {
                        "value": [
                            {
                                "name": "Metric1",
                                "metricName": "Data Disk IOPS Consumed Percentage",
                                "metricNamespace": "Microsoft.Compute/virtualMachines",
                                "operator": "GreaterThan",
                                "timeAggregation": "Average",
                                "criterionType": "StaticThresholdCriterion",
                                "threshold": 95
                            }
                        ]
                    },
                    "actionGroups": {
                        "value": [
                            {
                                "actionGroupId": "/subscriptions/5cf07d36-17e6-4e5e-80b5-521e2a802b8b/resourceGroups/myMOHVM_group/providers/microsoft.insights/actionGroups/RecommendedAlertRules-AG-1",
                                "webhookProperties": {}
                            }
                        ]
                    },
                    "location": {
                        "value": "Global"
                    },
                    "vmResourceId": {
                        "value": "[concat('/subscriptions/', subscription().subscriptionId, '/resourceGroups/', resourceGroup().name, '/providers/', 'Microsoft.Compute/virtualMachines/', parameters('virtualMachineName'))]"
                    }
                },
                "template": {
                    "$schema": "https://schema.management.azure.com/schemas/2019-04-01/deploymentTemplate.json#",
                    "contentVersion": "1.0.0.0",
                    "parameters": {
                        "name": {
                            "type": "string"
                        },
                        "severity": {
                            "type": "int"
                        },
                        "actionGroups": {
                            "type": "array"
                        },
                        "allOf": {
                            "type": "array"
                        },
                        "location": {
                            "type": "string"
                        },
                        "vmResourceId": {
                            "type": "string"
                        }
                    },
                    "variables": {},
                    "resources": [
                        {
                            "type": "microsoft.insights/metricAlerts",
                            "apiVersion": "2018-03-01",
                            "name": "[parameters('name')]",
                            "location": "[parameters('location')]",
                            "properties": {
                                "severity": "[parameters('severity')]",
                                "enabled": true,
                                "scopes": [
                                    "[parameters('vmResourceId')]"
                                ],
                                "evaluationFrequency": "PT5M",
                                "windowSize": "PT5M",
                                "criteria": {
                                    "allOf": "[parameters('allOf')]",
                                    "odata.type": "Microsoft.Azure.Monitor.MultipleResourceMultipleMetricCriteria"
                                },
                                "targetResourceType": "Microsoft.Compute/virtualMachines",
                                "actions": "[parameters('actionGroups')]"
                            }
                        }
                    ]
                }
            },
            "dependsOn": [
                "[resourceId(parameters('virtualMachineRG'), 'Microsoft.Compute/virtualMachines', parameters('virtualMachineName'))]",
                "[resourceId(parameters('virtualMachineRG'), 'Microsoft.Resources/deployments', concat(parameters('virtualMachineName'), '-AlertsActionGroup'))]"
            ]
        },
        {
            "apiVersion": "2017-05-10",
            "type": "Microsoft.Resources/deployments",
            "name": "[concat(parameters('virtualMachineName'), '-VmAlertsRule-3')]",
            "properties": {
                "mode": "Incremental",
                "expressionEvaluationOptions": {
                    "scope": "inner"
                },
                "parameters": {
                    "name": {
                        "value": "OS Disk IOPS Consumed Percentage - myMOHVM"
                    },
                    "severity": {
                        "value": 3
                    },
                    "allOf": {
                        "value": [
                            {
                                "name": "Metric1",
                                "metricName": "OS Disk IOPS Consumed Percentage",
                                "metricNamespace": "Microsoft.Compute/virtualMachines",
                                "operator": "GreaterThan",
                                "timeAggregation": "Average",
                                "criterionType": "StaticThresholdCriterion",
                                "threshold": 95
                            }
                        ]
                    },
                    "actionGroups": {
                        "value": [
                            {
                                "actionGroupId": "/subscriptions/5cf07d36-17e6-4e5e-80b5-521e2a802b8b/resourceGroups/myMOHVM_group/providers/microsoft.insights/actionGroups/RecommendedAlertRules-AG-1",
                                "webhookProperties": {}
                            }
                        ]
                    },
                    "location": {
                        "value": "Global"
                    },
                    "vmResourceId": {
                        "value": "[concat('/subscriptions/', subscription().subscriptionId, '/resourceGroups/', resourceGroup().name, '/providers/', 'Microsoft.Compute/virtualMachines/', parameters('virtualMachineName'))]"
                    }
                },
                "template": {
                    "$schema": "https://schema.management.azure.com/schemas/2019-04-01/deploymentTemplate.json#",
                    "contentVersion": "1.0.0.0",
                    "parameters": {
                        "name": {
                            "type": "string"
                        },
                        "severity": {
                            "type": "int"
                        },
                        "actionGroups": {
                            "type": "array"
                        },
                        "allOf": {
                            "type": "array"
                        },
                        "location": {
                            "type": "string"
                        },
                        "vmResourceId": {
                            "type": "string"
                        }
                    },
                    "variables": {},
                    "resources": [
                        {
                            "type": "microsoft.insights/metricAlerts",
                            "apiVersion": "2018-03-01",
                            "name": "[parameters('name')]",
                            "location": "[parameters('location')]",
                            "properties": {
                                "severity": "[parameters('severity')]",
                                "enabled": true,
                                "scopes": [
                                    "[parameters('vmResourceId')]"
                                ],
                                "evaluationFrequency": "PT5M",
                                "windowSize": "PT5M",
                                "criteria": {
                                    "allOf": "[parameters('allOf')]",
                                    "odata.type": "Microsoft.Azure.Monitor.MultipleResourceMultipleMetricCriteria"
                                },
                                "targetResourceType": "Microsoft.Compute/virtualMachines",
                                "actions": "[parameters('actionGroups')]"
                            }
                        }
                    ]
                }
            },
            "dependsOn": [
                "[resourceId(parameters('virtualMachineRG'), 'Microsoft.Compute/virtualMachines', parameters('virtualMachineName'))]",
                "[resourceId(parameters('virtualMachineRG'), 'Microsoft.Resources/deployments', concat(parameters('virtualMachineName'), '-AlertsActionGroup'))]"
            ]
        },
        {
            "apiVersion": "2017-05-10",
            "type": "Microsoft.Resources/deployments",
            "name": "[concat(parameters('virtualMachineName'), '-VmAlertsRule-4')]",
            "properties": {
                "mode": "Incremental",
                "expressionEvaluationOptions": {
                    "scope": "inner"
                },
                "parameters": {
                    "name": {
                        "value": "Network In Total - myMOHVM"
                    },
                    "severity": {
                        "value": 3
                    },
                    "allOf": {
                        "value": [
                            {
                                "name": "Metric1",
                                "metricName": "Network In Total",
                                "metricNamespace": "Microsoft.Compute/virtualMachines",
                                "operator": "GreaterThan",
                                "timeAggregation": "Total",
                                "criterionType": "StaticThresholdCriterion",
                                "threshold": 500000000000
                            }
                        ]
                    },
                    "actionGroups": {
                        "value": [
                            {
                                "actionGroupId": "/subscriptions/5cf07d36-17e6-4e5e-80b5-521e2a802b8b/resourceGroups/myMOHVM_group/providers/microsoft.insights/actionGroups/RecommendedAlertRules-AG-1",
                                "webhookProperties": {}
                            }
                        ]
                    },
                    "location": {
                        "value": "Global"
                    },
                    "vmResourceId": {
                        "value": "[concat('/subscriptions/', subscription().subscriptionId, '/resourceGroups/', resourceGroup().name, '/providers/', 'Microsoft.Compute/virtualMachines/', parameters('virtualMachineName'))]"
                    }
                },
                "template": {
                    "$schema": "https://schema.management.azure.com/schemas/2019-04-01/deploymentTemplate.json#",
                    "contentVersion": "1.0.0.0",
                    "parameters": {
                        "name": {
                            "type": "string"
                        },
                        "severity": {
                            "type": "int"
                        },
                        "actionGroups": {
                            "type": "array"
                        },
                        "allOf": {
                            "type": "array"
                        },
                        "location": {
                            "type": "string"
                        },
                        "vmResourceId": {
                            "type": "string"
                        }
                    },
                    "variables": {},
                    "resources": [
                        {
                            "type": "microsoft.insights/metricAlerts",
                            "apiVersion": "2018-03-01",
                            "name": "[parameters('name')]",
                            "location": "[parameters('location')]",
                            "properties": {
                                "severity": "[parameters('severity')]",
                                "enabled": true,
                                "scopes": [
                                    "[parameters('vmResourceId')]"
                                ],
                                "evaluationFrequency": "PT5M",
                                "windowSize": "PT5M",
                                "criteria": {
                                    "allOf": "[parameters('allOf')]",
                                    "odata.type": "Microsoft.Azure.Monitor.MultipleResourceMultipleMetricCriteria"
                                },
                                "targetResourceType": "Microsoft.Compute/virtualMachines",
                                "actions": "[parameters('actionGroups')]"
                            }
                        }
                    ]
                }
            },
            "dependsOn": [
                "[resourceId(parameters('virtualMachineRG'), 'Microsoft.Compute/virtualMachines', parameters('virtualMachineName'))]",
                "[resourceId(parameters('virtualMachineRG'), 'Microsoft.Resources/deployments', concat(parameters('virtualMachineName'), '-AlertsActionGroup'))]"
            ]
        },
        {
            "apiVersion": "2017-05-10",
            "type": "Microsoft.Resources/deployments",
            "name": "[concat(parameters('virtualMachineName'), '-VmAlertsRule-5')]",
            "properties": {
                "mode": "Incremental",
                "expressionEvaluationOptions": {
                    "scope": "inner"
                },
                "parameters": {
                    "name": {
                        "value": "Network Out Total - myMOHVM"
                    },
                    "severity": {
                        "value": 3
                    },
                    "allOf": {
                        "value": [
                            {
                                "name": "Metric1",
                                "metricName": "Network Out Total",
                                "metricNamespace": "Microsoft.Compute/virtualMachines",
                                "operator": "GreaterThan",
                                "timeAggregation": "Total",
                                "criterionType": "StaticThresholdCriterion",
                                "threshold": 200000000000
                            }
                        ]
                    },
                    "actionGroups": {
                        "value": [
                            {
                                "actionGroupId": "/subscriptions/5cf07d36-17e6-4e5e-80b5-521e2a802b8b/resourceGroups/myMOHVM_group/providers/microsoft.insights/actionGroups/RecommendedAlertRules-AG-1",
                                "webhookProperties": {}
                            }
                        ]
                    },
                    "location": {
                        "value": "Global"
                    },
                    "vmResourceId": {
                        "value": "[concat('/subscriptions/', subscription().subscriptionId, '/resourceGroups/', resourceGroup().name, '/providers/', 'Microsoft.Compute/virtualMachines/', parameters('virtualMachineName'))]"
                    }
                },
                "template": {
                    "$schema": "https://schema.management.azure.com/schemas/2019-04-01/deploymentTemplate.json#",
                    "contentVersion": "1.0.0.0",
                    "parameters": {
                        "name": {
                            "type": "string"
                        },
                        "severity": {
                            "type": "int"
                        },
                        "actionGroups": {
                            "type": "array"
                        },
                        "allOf": {
                            "type": "array"
                        },
                        "location": {
                            "type": "string"
                        },
                        "vmResourceId": {
                            "type": "string"
                        }
                    },
                    "variables": {},
                    "resources": [
                        {
                            "type": "microsoft.insights/metricAlerts",
                            "apiVersion": "2018-03-01",
                            "name": "[parameters('name')]",
                            "location": "[parameters('location')]",
                            "properties": {
                                "severity": "[parameters('severity')]",
                                "enabled": true,
                                "scopes": [
                                    "[parameters('vmResourceId')]"
                                ],
                                "evaluationFrequency": "PT5M",
                                "windowSize": "PT5M",
                                "criteria": {
                                    "allOf": "[parameters('allOf')]",
                                    "odata.type": "Microsoft.Azure.Monitor.MultipleResourceMultipleMetricCriteria"
                                },
                                "targetResourceType": "Microsoft.Compute/virtualMachines",
                                "actions": "[parameters('actionGroups')]"
                            }
                        }
                    ]
                }
            },
            "dependsOn": [
                "[resourceId(parameters('virtualMachineRG'), 'Microsoft.Compute/virtualMachines', parameters('virtualMachineName'))]",
                "[resourceId(parameters('virtualMachineRG'), 'Microsoft.Resources/deployments', concat(parameters('virtualMachineName'), '-AlertsActionGroup'))]"
            ]
        },
        {
            "apiVersion": "2017-05-10",
            "type": "Microsoft.Resources/deployments",
            "name": "[concat(parameters('virtualMachineName'), '-VmAlertsRule-6')]",
            "properties": {
                "mode": "Incremental",
                "expressionEvaluationOptions": {
                    "scope": "inner"
                },
                "parameters": {
                    "name": {
                        "value": "VM Availability - myMOHVM"
                    },
                    "severity": {
                        "value": 3
                    },
                    "allOf": {
                        "value": [
                            {
                                "name": "Metric1",
                                "metricName": "VmAvailabilityMetric",
                                "metricNamespace": "Microsoft.Compute/virtualMachines",
                                "operator": "LessThan",
                                "timeAggregation": "Average",
                                "criterionType": "StaticThresholdCriterion",
                                "threshold": 1
                            }
                        ]
                    },
                    "actionGroups": {
                        "value": [
                            {
                                "actionGroupId": "/subscriptions/5cf07d36-17e6-4e5e-80b5-521e2a802b8b/resourceGroups/myMOHVM_group/providers/microsoft.insights/actionGroups/RecommendedAlertRules-AG-1",
                                "webhookProperties": {}
                            }
                        ]
                    },
                    "location": {
                        "value": "Global"
                    },
                    "vmResourceId": {
                        "value": "[concat('/subscriptions/', subscription().subscriptionId, '/resourceGroups/', resourceGroup().name, '/providers/', 'Microsoft.Compute/virtualMachines/', parameters('virtualMachineName'))]"
                    }
                },
                "template": {
                    "$schema": "https://schema.management.azure.com/schemas/2019-04-01/deploymentTemplate.json#",
                    "contentVersion": "1.0.0.0",
                    "parameters": {
                        "name": {
                            "type": "string"
                        },
                        "severity": {
                            "type": "int"
                        },
                        "actionGroups": {
                            "type": "array"
                        },
                        "allOf": {
                            "type": "array"
                        },
                        "location": {
                            "type": "string"
                        },
                        "vmResourceId": {
                            "type": "string"
                        }
                    },
                    "variables": {},
                    "resources": [
                        {
                            "type": "microsoft.insights/metricAlerts",
                            "apiVersion": "2018-03-01",
                            "name": "[parameters('name')]",
                            "location": "[parameters('location')]",
                            "properties": {
                                "severity": "[parameters('severity')]",
                                "enabled": true,
                                "scopes": [
                                    "[parameters('vmResourceId')]"
                                ],
                                "evaluationFrequency": "PT5M",
                                "windowSize": "PT5M",
                                "criteria": {
                                    "allOf": "[parameters('allOf')]",
                                    "odata.type": "Microsoft.Azure.Monitor.MultipleResourceMultipleMetricCriteria"
                                },
                                "targetResourceType": "Microsoft.Compute/virtualMachines",
                                "actions": "[parameters('actionGroups')]"
                            }
                        }
                    ]
                }
            },
            "dependsOn": [
                "[resourceId(parameters('virtualMachineRG'), 'Microsoft.Compute/virtualMachines', parameters('virtualMachineName'))]",
                "[resourceId(parameters('virtualMachineRG'), 'Microsoft.Resources/deployments', concat(parameters('virtualMachineName'), '-AlertsActionGroup'))]"
            ]
        }
    ],
    "outputs": {
        "adminUsername": {
            "type": "string",
            "value": "[parameters('adminUsername')]"
        }
    }
}